{"energy": [1.0, 1.03063, 1.0621999999999998, 1.0621999999999998, 1.09882, 1.1367, 1.1367, 1.21224, 1.2928, 1.2928, 1.5, 2.0, 3.0, 4.0, 5.0, 5.247, 5.247, 5.43204, 5.623600000000001, 5.623600000000001, 5.80333, 5.9887999999999995, 5.9887999999999995, 6.0, 8.0, 10.0, 15.0, 20.0, 30.0, 37.440599999999996, 37.440599999999996, 40.0, 50.0, 60.0, 80.0, 100.0, 150.0, 200.0, 300.0, 400.0, 500.0, 600.0, 800.0, 1000.0, 1250.0, 1500.0, 2000.0, 3000.0, 4000.0, 5000.0, 6000.0, 8000.0, 10000.0, 15000.0, 20000.0], "mu": [8543.0, 7990.0, 7465.0, 8547.0, 7957.0, 7404.0, 7837.0, 6861.0, 5985.0, 6255.0, 4499.0, 2319.0, 869.6, 424.6, 241.4, 213.5, 609.8, 563.4, 516.9, 701.6, 650.7, 601.3, 693.0, 689.8, 333.4, 186.0, 63.47, 29.38, 9.904, 5.498, 29.19, 24.57, 13.79, 8.511, 3.963, 2.196, 0.7828, 0.4046, 0.1891, 0.1265, 0.09923, 0.0841, 0.06744, 0.05803, 0.05058, 0.04592, 0.04078, 0.03692, 0.03598, 0.03612, 0.03669, 0.03844, 0.04042, 0.04518, 0.04902], "muen": [8521.0, 7969.0, 7445.0, 8524.0, 7935.0, 7384.0, 7815.0, 6841.0, 5968.0, 6237.0, 4485.0, 2308.0, 862.2, 418.4, 236.1, 208.4, 568.9, 526.3, 483.5, 648.6, 602.5, 557.7, 641.2, 638.3, 312.7, 175.4, 59.72, 27.3, 8.875, 4.768, 9.346, 8.842, 6.534, 4.66, 2.501, 1.47, 0.5309, 0.2583, 0.1028, 0.06125, 0.04521, 0.03743, 0.03011, 0.02657, 0.02388, 0.02224, 0.02069, 0.02044, 0.02135, 0.0225, 0.02363, 0.02566, 0.02731, 0.03003, 0.03126]}