{"energy": [1.0, 1.5, 2.0, 3.0, 4.0, 5.0, 6.0, 8.0, 10.0, 15.0, 20.0, 30.0, 40.0, 50.0, 60.0, 80.0, 100.0, 150.0, 200.0, 300.0, 400.0, 500.0, 600.0, 800.0, 1000.0, 1250.0, 1500.0, 2000.0, 3000.0, 4000.0, 5000.0, 6000.0, 8000.0, 10000.0, 15000.0, 20000.0], "mu": [2211.0, 700.2, 302.6, 90.33, 37.78, 19.12, 10.95, 4.576, 2.373, 0.8071, 0.442, 0.2562, 0.2076, 0.1871, 0.1753, 0.161, 0.1514, 0.1347, 0.1229, 0.1066, 0.09546, 0.08715, 0.08058, 0.07076, 0.06361, 0.0569, 0.05179, 0.04442, 0.03562, 0.03047, 0.02708, 0.02469, 0.02154, 0.01959, 0.01698, 0.01575], "muen": [2209.0, 699.0, 301.6, 89.63, 37.23, 18.66, 10.54, 4.242, 2.078, 0.5627, 0.2238, 0.06614, 0.03343, 0.02397, 0.02098, 0.02037, 0.02147, 0.02449, 0.02655, 0.0287, 0.0295, 0.02969, 0.02956, 0.02885, 0.02792, 0.02669, 0.02551, 0.02345, 0.02048, 0.01849, 0.0171, 0.01607, 0.01468, 0.0138, 0.01258, 0.01198]}