{"energy": [1.0, 1.5, 2.0, 3.0, 4.0, 4.0381, 4.0381, 5.0, 6.0, 8.0, 10.0, 15.0, 20.0, 30.0, 40.0, 50.0, 60.0, 80.0, 100.0, 150.0, 200.0, 300.0, 400.0, 500.0, 600.0, 800.0, 1000.0, 1250.0, 1500.0, 2000.0, 3000.0, 4000.0, 5000.0, 6000.0, 8000.0, 10000.0, 15000.0, 20000.0], "mu": [4867.0, 1714.0, 799.9, 267.6, 121.8, 118.7, 1023.0, 602.6, 373.1, 172.6, 93.41, 29.79, 13.06, 4.08, 1.83, 1.019, 0.6578, 0.3656, 0.2571, 0.1674, 0.1376, 0.1116, 0.09783, 0.08851, 0.08148, 0.07122, 0.06388, 0.05709, 0.05207, 0.04524, 0.0378, 0.03395, 0.0317, 0.03035, 0.02892, 0.02839, 0.02838, 0.02903], "muen": [4861.0, 1710.0, 796.6, 265.0, 119.7, 116.6, 888.7, 537.3, 338.7, 160.0, 87.44, 28.04, 12.2, 3.665, 1.538, 0.7822, 0.452, 0.1958, 0.1085, 0.04876, 0.03639, 0.03146, 0.0306, 0.03019, 0.02979, 0.02884, 0.0278, 0.0265, 0.02532, 0.02352, 0.02147, 0.02052, 0.02007, 0.01992, 0.01997, 0.02022, 0.02088, 0.0214]}