{"energy": [1.0, 1.5, 2.0, 2.8224, 2.8224, 3.0, 4.0, 5.0, 6.0, 8.0, 10.0, 15.0, 20.0, 30.0, 40.0, 50.0, 60.0, 80.0, 100.0, 150.0, 200.0, 300.0, 400.0, 500.0, 600.0, 800.0, 1000.0, 1250.0, 1500.0, 2000.0, 3000.0, 4000.0, 5000.0, 6000.0, 8000.0, 10000.0, 15000.0, 20000.0], "mu": [2832.0, 977.1, 452.0, 177.4, 1637.0, 1473.0, 703.7, 390.1, 238.4, 107.5, 57.25, 17.84, 7.739, 2.425, 1.117, 0.6483, 0.4395, 0.2696, 0.205, 0.148, 0.1266, 0.1054, 0.09311, 0.08453, 0.07795, 0.06826, 0.06128, 0.05478, 0.04994, 0.04328, 0.03585, 0.03188, 0.0295, 0.02798, 0.02628, 0.02549, 0.02496, 0.0252], "muen": [2829.0, 974.2, 449.4, 175.2, 1506.0, 1361.0, 662.6, 371.1, 228.2, 103.4, 55.1, 17.0, 7.227, 2.114, 0.8756, 0.4433, 0.257, 0.1148, 0.06745, 0.03639, 0.03067, 0.02898, 0.02887, 0.02874, 0.02847, 0.02767, 0.02671, 0.02549, 0.02436, 0.02258, 0.02043, 0.01931, 0.01871, 0.01839, 0.01819, 0.01824, 0.01861, 0.01899]}