{"energy": [1.0, 1.5, 2.0, 3.0, 4.0, 5.0, 6.0, 7.112, 7.112, 8.0, 10.0, 15.0, 20.0, 30.0, 40.0, 50.0, 60.0, 80.0, 100.0, 150.0, 200.0, 300.0, 400.0, 500.0, 600.0, 800.0, 1000.0, 1250.0, 1500.0, 2000.0, 3000.0, 4000.0, 5000.0, 6000.0, 8000.0, 10000.0, 15000.0, 20000.0], "mu": [9085.0, 3399.0, 1626.0, 557.6, 256.7, 139.8, 84.84, 53.19, 407.6, 305.6, 170.6, 57.08, 25.68, 8.176, 3.629, 1.958, 1.205, 0.5952, 0.3717, 0.1964, 0.146, 0.1099, 0.094, 0.08414, 0.07704, 0.06699, 0.05995, 0.0535, 0.04883, 0.04265, 0.03621, 0.03312, 0.03146, 0.03057, 0.02991, 0.02994, 0.03092, 0.03224], "muen": [9052.0, 3388.0, 1620.0, 553.5, 253.6, 137.2, 82.65, 51.33, 297.8, 231.6, 136.9, 48.96, 22.6, 7.251, 3.155, 1.638, 0.9555, 0.4104, 0.2177, 0.07961, 0.04825, 0.03361, 0.03039, 0.02914, 0.02836, 0.02714, 0.02603, 0.02472, 0.0236, 0.02199, 0.02042, 0.0199, 0.01983, 0.01997, 0.0205, 0.02108, 0.02221, 0.02292]}