{
    "energy": [
      1.0, 1.08867, 1.1852, 1.20109, 1.2172, 1.5, 1.544, 1.61454, 1.6883, 1.78195, 1.8808, 2.0, 3.0, 4.0, 5.0, 6.0, 7.2428, 7.57876, 7.9303, 8.0, 8.3756, 10.0, 15.0, 20.0, 30.0, 40.0, 50.0, 50.2391, 60.0, 80.0, 100.0, 150.0, 200.0, 300.0, 400.0, 500.0, 600.0, 800.0, 1000.0, 1250.0, 1500.0, 2000.0, 3000.0, 4000.0, 5000.0, 6000.0, 8000.0, 10000.0, 15000.0, 20000.0
    ],
    "mu": [
      2291.0, 1960.0, 1668.0, 2527.0, 3961.0, 5041.0, 4701.0, 4900.0, 4421.0, 4164.0, 3691.0, 3360.0, 1292.0, 638.0, 365.3, 230.5, 142.9, 342.7, 304.9, 406.8, 363.1, 269.3, 93.35, 43.63, 14.84, 6.92, 3.859, 18.64, 11.75, 5.573, 3.109, 1.1, 0.5534, 0.241, 0.1517, 0.1139, 0.09371, 0.07252, 0.0612, 0.05262, 0.04759, 0.04228, 0.03865, 0.03802, 0.03844, 0.03928, 0.04147, 0.04384, 0.04943, 0.05385
    ],
    "muen": [
      2281.0, 1949.0, 1658.0, 2510.0, 3934.0, 5008.0, 4670.0, 4867.0, 4391.0, 4136.0, 3666.0, 3337.0, 1280.0, 629.6, 358.4, 224.6, 137.9, 308.8, 275.5, 359.5, 322.3, 241.6, 85.38, 39.94, 13.33, 6.033, 3.242, 5.585, 4.722, 2.937, 1.849, 0.7197, 0.3584, 0.1409, 0.08039, 0.0565, 0.04483, 0.03399, 0.02893, 0.0253, 0.02325, 0.02144, 0.02129, 0.02241, 0.02374, 0.02502, 0.02725, 0.02902, 0.03188, 0.03306
    ]
  }