{"energy": [1.0, 1.5, 2.0, 3.0, 4.0, 5.0, 6.0, 8.0, 10.0, 15.0, 20.0, 30.0, 40.0, 50.0, 60.0, 80.0, 100.0, 150.0, 200.0, 300.0, 400.0, 500.0, 600.0, 800.0, 1000.0, 1250.0, 1500.0, 2000.0, 3000.0, 4000.0, 5000.0, 6000.0, 8000.0, 10000.0, 15000.0, 20000.0], "mu": [7.217, 2.148, 1.059, 0.5612, 0.4546, 0.4193, 0.4042, 0.3914, 0.3854, 0.3764, 0.3695, 0.357, 0.3458, 0.3355, 0.326, 0.3091, 0.2944, 0.2651, 0.2429, 0.2112, 0.1893, 0.1729, 0.1599, 0.1405, 0.1263, 0.1129, 0.1027, 0.08769, 0.06921, 0.05806, 0.05049, 0.04498, 0.03746, 0.03254, 0.02539, 0.02153], "muen": [6.82, 1.752, 0.6643, 0.1693, 0.06549, 0.03278, 0.01996, 0.0116, 0.009849, 0.01102, 0.01355, 0.01863, 0.02315, 0.02709, 0.03053, 0.0362, 0.04063, 0.04813, 0.05254, 0.05695, 0.0586, 0.059, 0.05875, 0.05739, 0.05556, 0.05311, 0.05075, 0.0465, 0.03992, 0.03523, 0.03174, 0.02905, 0.02515, 0.02247, 0.01837, 0.01606]}