{"energy": [1.0, 1.03542, 1.0721, 1.0721, 1.5, 2.0, 3.0, 4.0, 4.557099999999999, 4.557099999999999, 4.70229, 4.8521, 4.8521, 5.0, 5.1881, 5.1881, 6.0, 8.0, 10.0, 15.0, 20.0, 30.0, 33.1694, 33.1694, 40.0, 50.0, 60.0, 80.0, 100.0, 150.0, 200.0, 300.0, 400.0, 500.0, 600.0, 800.0, 1000.0, 1250.0, 1500.0, 2000.0, 3000.0, 4000.0, 5000.0, 6000.0, 8000.0, 10000.0, 15000.0, 20000.0], "mu": [9096.0, 8465.0, 7863.0, 8198.0, 3919.0, 1997.0, 742.0, 360.7, 259.2, 755.0, 712.3, 663.6, 894.3, 843.0, 766.5, 883.7, 617.3, 292.2, 162.6, 55.12, 25.43, 8.561, 6.553, 35.82, 22.1, 12.32, 7.579, 3.51, 1.942, 0.6978, 0.3663, 0.1771, 0.1217, 0.09701, 0.08313, 0.06749, 0.05841, 0.05111, 0.04647, 0.04124, 0.03716, 0.03607, 0.03608, 0.03655, 0.03815, 0.04002, 0.04455, 0.04823], "muen": [9078.0, 8448.0, 7847.0, 8181.0, 3908.0, 1988.0, 735.1, 354.8, 253.7, 712.1, 672.4, 627.0, 837.5, 790.3, 719.8, 828.3, 582.2, 277.7, 154.8, 52.08, 23.63, 7.622, 5.744, 11.88, 9.616, 6.573, 4.518, 2.331, 1.342, 0.4742, 0.2295, 0.09257, 0.0565, 0.04267, 0.03598, 0.02962, 0.02646, 0.02399, 0.02243, 0.02092, 0.02059, 0.02142, 0.0225, 0.02357, 0.02553, 0.02714, 0.0298, 0.03101]}