{"energy": [1.0, 1.5, 2.0, 3.0, 3.6074, 3.6074, 4.0, 5.0, 6.0, 8.0, 10.0, 15.0, 20.0, 30.0, 40.0, 50.0, 60.0, 80.0, 100.0, 150.0, 200.0, 300.0, 400.0, 500.0, 600.0, 800.0, 1000.0, 1250.0, 1500.0, 2000.0, 3000.0, 4000.0, 5000.0, 6000.0, 8000.0, 10000.0, 15000.0, 20000.0], "mu": [4058.0, 1418.0, 659.2, 219.8, 132.7, 1201.0, 925.6, 518.9, 320.5, 146.9, 79.07, 25.03, 10.93, 3.413, 1.541, 0.8679, 0.5678, 0.3251, 0.2345, 0.1582, 0.1319, 0.108, 0.09495, 0.086, 0.07922, 0.06929, 0.06216, 0.05556, 0.05068, 0.04399, 0.03666, 0.03282, 0.03054, 0.02915, 0.02766, 0.02704, 0.02687, 0.02737], "muen": [4053.0, 1415.0, 656.3, 217.4, 130.6, 1065.0, 830.4, 475.2, 297.4, 138.3, 74.9, 23.7, 10.23, 3.045, 1.272, 0.6454, 0.373, 0.1628, 0.09161, 0.04346, 0.03378, 0.03015, 0.02959, 0.02929, 0.02895, 0.02807, 0.02707, 0.02581, 0.02467, 0.0229, 0.02084, 0.01985, 0.01935, 0.01914, 0.0191, 0.01928, 0.01983, 0.02029]}