{"energy": [1.0, 1.1423699999999999, 1.305, 1.305, 1.5, 2.0, 3.0, 4.0, 5.0, 6.0, 8.0, 10.0, 15.0, 20.0, 30.0, 40.0, 50.0, 60.0, 80.0, 100.0, 150.0, 200.0, 300.0, 400.0, 500.0, 600.0, 800.0, 1000.0, 1250.0, 1500.0, 2000.0, 3000.0, 4000.0, 5000.0, 6000.0, 8000.0, 10000.0, 15000.0, 20000.0], "mu": [922.5, 647.4, 453.0, 5444.0, 4004.0, 1932.0, 658.5, 297.4, 158.3, 93.81, 40.61, 21.05, 6.358, 2.763, 0.9306, 0.4881, 0.3292, 0.257, 0.1951, 0.1686, 0.1394, 0.1245, 0.1065, 0.09492, 0.08647, 0.07988, 0.07008, 0.06296, 0.05629, 0.05129, 0.04426, 0.03613, 0.03159, 0.02873, 0.02681, 0.02445, 0.02313, 0.02168, 0.02127], "muen": [920.3, 645.2, 450.9, 5310.0, 3918.0, 1899.0, 649.9, 293.7, 156.1, 92.27, 39.65, 20.36, 5.925, 2.432, 0.6855, 0.2815, 0.1451, 0.0882, 0.04671, 0.0341, 0.02766, 0.02761, 0.02871, 0.02928, 0.02938, 0.02921, 0.02848, 0.02753, 0.02629, 0.02514, 0.02322, 0.02067, 0.01915, 0.01819, 0.01756, 0.01683, 0.01646, 0.01614, 0.01609]}