{"energy": [1.0, 1.5, 2.0, 3.0, 4.0, 5.0, 6.0, 8.0, 10.0, 15.0, 20.0, 30.0, 40.0, 50.0, 60.0, 80.0, 100.0, 150.0, 200.0, 300.0, 400.0, 500.0, 600.0, 800.0, 1000.0, 1250.0, 1500.0, 2000.0, 3000.0, 4000.0, 5000.0, 6000.0, 8000.0, 10000.0, 15000.0, 20000.0], "mu": [3311.0, 1083.0, 476.9, 145.6, 61.66, 31.44, 18.09, 7.562, 3.879, 1.236, 0.6178, 0.3066, 0.2288, 0.198, 0.1817, 0.1639, 0.1529, 0.1353, 0.1233, 0.1068, 0.09557, 0.08719, 0.08063, 0.07081, 0.06364, 0.05693, 0.0518, 0.0445, 0.03579, 0.03073, 0.02742, 0.02511, 0.02209, 0.02024, 0.01782, 0.01673], "muen": [3306.0, 1080.0, 475.5, 144.7, 60.94, 30.86, 17.59, 7.17, 3.545, 0.9715, 0.3867, 0.1099, 0.05051, 0.03217, 0.02548, 0.02211, 0.02231, 0.02472, 0.02665, 0.02873, 0.02952, 0.02969, 0.02956, 0.02886, 0.02792, 0.02669, 0.0255, 0.02347, 0.02057, 0.01867, 0.01734, 0.01639, 0.01512, 0.01434, 0.01332, 0.01285]}