{"energy": [1.0, 1.03542, 1.0721, 1.0721, 1.5, 2.0, 3.0, 4.0, 5.0, 6.0, 8.0, 10.0, 15.0, 20.0, 30.0, 40.0, 50.0, 60.0, 80.0, 100.0, 150.0, 200.0, 300.0, 400.0, 500.0, 600.0, 800.0, 1000.0, 1250.0, 1500.0, 2000.0, 3000.0, 4000.0, 5000.0, 6000.0, 8000.0, 10000.0, 15000.0, 20000.0], "mu": [654.2, 596.0, 542.9, 6435.0, 3194.0, 1521.0, 507.0, 226.1, 119.4, 70.3, 30.18, 15.57, 4.694, 2.057, 0.7197, 0.3969, 0.2804, 0.2268, 0.1796, 0.1585, 0.1335, 0.1199, 0.1029, 0.09185, 0.08372, 0.07736, 0.06788, 0.061, 0.05454, 0.04968, 0.04282, 0.03487, 0.03037, 0.02753, 0.02559, 0.02319, 0.02181, 0.02023, 0.0197], "muen": [652.2, 594.1, 541.0, 6320.0, 3151.0, 1504.0, 502.3, 223.8, 117.8, 69.15, 29.41, 14.99, 4.313, 1.759, 0.4928, 0.2031, 0.1063, 0.06625, 0.03761, 0.02931, 0.02579, 0.02635, 0.02771, 0.02833, 0.02845, 0.0283, 0.0276, 0.02669, 0.02549, 0.02437, 0.02249, 0.01997, 0.01842, 0.01743, 0.01675, 0.01595, 0.01552, 0.01508, 0.01496]}