{"energy": [1.0, 1.5, 2.0, 3.0, 4.0, 5.0, 6.0, 8.0, 10.0, 15.0, 20.0, 30.0, 40.0, 50.0, 60.0, 80.0, 100.0, 150.0, 200.0, 300.0, 400.0, 500.0, 600.0, 800.0, 1000.0, 1250.0, 1500.0, 2000.0, 3000.0, 4000.0, 5000.0, 6000.0, 8000.0, 10000.0, 15000.0, 20000.0], "mu": [4590.0, 1549.0, 694.9, 217.1, 93.15, 47.9, 27.7, 11.63, 5.952, 1.836, 0.8651, 0.3779, 0.2585, 0.2132, 0.1907, 0.1678, 0.1551, 0.1361, 0.1237, 0.107, 0.09566, 0.08729, 0.0807, 0.07087, 0.06372, 0.05697, 0.05185, 0.04459, 0.03597, 0.031, 0.02777, 0.02552, 0.02263, 0.02089, 0.01866, 0.0177], "muen": [4576.0, 1545.0, 692.6, 215.8, 92.21, 47.15, 27.08, 11.16, 5.565, 1.545, 0.6179, 0.1729, 0.0753, 0.04414, 0.03207, 0.02468, 0.02355, 0.02506, 0.02679, 0.02877, 0.02953, 0.02971, 0.02957, 0.02887, 0.02794, 0.02669, 0.02551, 0.0235, 0.02066, 0.01882, 0.01757, 0.01668, 0.01553, 0.01483, 0.01396, 0.0136]}