{"energy": [1.0, 1.5, 2.0, 2.1454999999999997, 2.1454999999999997, 3.0, 4.0, 5.0, 6.0, 8.0, 10.0, 15.0, 20.0, 30.0, 40.0, 50.0, 60.0, 80.0, 100.0, 150.0, 200.0, 300.0, 400.0, 500.0, 600.0, 800.0, 1000.0, 1250.0, 1500.0, 2000.0, 3000.0, 4000.0, 5000.0, 6000.0, 8000.0, 10000.0, 15000.0, 20000.0], "mu": [1913.0, 654.7, 301.8, 249.4, 2473.0, 1118.0, 524.2, 286.0, 172.6, 76.6, 40.35, 12.39, 5.352, 1.7, 0.8096, 0.4916, 0.3494, 0.2324, 0.1865, 0.1432, 0.125, 0.1055, 0.09359, 0.08511, 0.07854, 0.06884, 0.06182, 0.05526, 0.05039, 0.04358, 0.0359, 0.03172, 0.02915, 0.02747, 0.02552, 0.02452, 0.02364, 0.02363], "muen": [1910.0, 652.2, 299.6, 247.3, 2343.0, 1074.0, 507.9, 278.2, 168.2, 74.57, 39.12, 11.79, 4.939, 1.422, 0.585, 0.2965, 0.1735, 0.08083, 0.05068, 0.03188, 0.02899, 0.0287, 0.02892, 0.02891, 0.02869, 0.02793, 0.02698, 0.02575, 0.02462, 0.02279, 0.02049, 0.01921, 0.01846, 0.01801, 0.0176, 0.01747, 0.01754, 0.01771]}