{"energy": [1.0, 1.5, 2.0, 2.472, 2.472, 3.0, 4.0, 5.0, 6.0, 8.0, 10.0, 15.0, 20.0, 30.0, 40.0, 50.0, 60.0, 80.0, 100.0, 150.0, 200.0, 300.0, 400.0, 500.0, 600.0, 800.0, 1000.0, 1250.0, 1500.0, 2000.0, 3000.0, 4000.0, 5000.0, 6000.0, 8000.0, 10000.0, 15000.0, 20000.0], "mu": [2429.0, 834.2, 385.3, 216.8, 2070.0, 1339.0, 633.8, 348.7, 211.6, 94.65, 50.12, 15.5, 6.708, 2.113, 0.9872, 0.5849, 0.4053, 0.2585, 0.202, 0.1506, 0.1302, 0.1091, 0.09665, 0.08781, 0.08102, 0.07098, 0.06373, 0.05697, 0.05193, 0.04498, 0.03715, 0.03293, 0.03036, 0.02872, 0.02682, 0.02589, 0.02517, 0.02529], "muen": [2426.0, 831.4, 382.8, 214.5, 1935.0, 1265.0, 606.6, 336.0, 204.6, 91.71, 48.47, 14.77, 6.235, 1.809, 0.7466, 0.3779, 0.2199, 0.1, 0.06052, 0.03516, 0.0308, 0.02983, 0.02991, 0.02984, 0.02959, 0.02878, 0.0278, 0.02652, 0.02535, 0.02349, 0.02118, 0.01993, 0.01923, 0.01884, 0.0185, 0.01845, 0.01864, 0.01889]}